post_id,post_name,post_author,post_date,post_type,post_status,post_title,post_content,post_category,post_tags,custom_field
,,sugimoto,2020/3/2,post,publish,新型コロナウイルス感染症に伴い「スポーツ能力測定会 in 岐阜」の開催は中止となりました。,"新型コロナウイルス感染症に伴い「スポーツ能力測定会 in 岐阜」の開催は中止となりました。
<a href='http://www.dosa.or.jp/event_pdf/2020/20200314_gf.pdf'>http://www.dosa.or.jp/event_pdf/2020/20200314_gf.pdf</a>",お知らせ,,
,,sugimoto,2020/2/28,post,publish,新型コロナウイルス感染症に伴い「スポーツ能力測定会 in 佐野」の開催は中止となりました。,"新型コロナウイルス感染症に伴い「スポーツ能力測定会 in 佐野」の開催は中止となりました。
<a href='http://www.dosa.or.jp/event_pdf/2020/20200322_sn.pdf'>http://www.dosa.or.jp/event_pdf/2020/20200322_sn.pdf</a>",お知らせ,,
,,sugimoto,2020/2/26,post,publish,新型コロナウイルス感染症に伴い「スポーツポテンシャル測定会（板橋区）」の開催は中止となりました。,"新型コロナウイルス感染症に伴い「スポーツポテンシャル測定会（板橋区）」の開催は中止となりました。
<a href='http://www.dosa.or.jp/event_pdf/2020/20200301_ITBS.pdf'>http://www.dosa.or.jp/event_pdf/2020/20200301_ITBS.pdf</a>",お知らせ,,
,,sugimoto,2020/2/25,post,publish,新型コロナウイルス感染症に伴い「スポーツ能力測定会 in 横須賀」の開催は中止となりました。,"新型コロナウイルス感染症に伴い「スポーツ能力測定会 in 横須賀」の開催は中止となりました。
<a href='http://www.dosa.or.jp/event_pdf/2020/20200330_yksk.pdf'>http://www.dosa.or.jp/event_pdf/2020/20200330_yksk.pdf</a>",お知らせ,,
,,sugimoto,2020/2/25,post,publish,新型コロナウイルス感染症に伴い「スポーツ能力測定会 in 豊島区」の開催は中止となりました。,"新型コロナウイルス感染症に伴い「スポーツ能力測定会 in 豊島区」の開催は中止となりました。
<a href='http://www.dosa.or.jp/event_pdf/2020/20200225_toshima.pdf'>http://www.dosa.or.jp/event_pdf/2020/20200225_toshima.pdf</a>",お知らせ,,
,,sugimoto,2020/2/18,post,publish,2020/3/14 JALスポーツ能力測定会 in 岐阜のお申込みはこちら（3月3日〆切）　,"2020/3/14 JALスポーツ能力測定会 in 岐阜のお申込みはこちら（3月3日〆切）　
<a href='https://www.dosa.or.jp/sp/c_dosa/participant_input.php?id=592495'>https://www.dosa.or.jp/sp/c_dosa/participant_input.php?id=592495</a>",お知らせ,,
,,sugimoto,2020/02/05,post,publish,2020/2/29 JALスポーツ能力測定会 in 千葉のお申込みは終了しました。　,"2020/2/29 JALスポーツ能力測定会 in 千葉のお申込みは終了しました。　
<a href='http://www.dosa.or.jp/event_pdf/2020/20200229.pdf'>http://www.dosa.or.jp/event_pdf/2020/20200229.pdf</a>",お知らせ,,
,,sugimoto,2020/02/01,post,publish,2020/3/7 スポーツ能力測定会 in 豊島区のお申込みは終了しました。　,"2020/3/7 スポーツ能力測定会 in 豊島区のお申込みは終了しました。　
<a href='http://www.dosa.or.jp/event_pdf/2020/20200307.pdf'>http://www.dosa.or.jp/event_pdf/2020/20200307.pdf</a>",お知らせ,,
,,sugimoto,2020/01/29,post,publish,2020/2/24 スポーツ能力測定会 in 福井のお申込みは終了しました。　,"2020/2/24 スポーツ能力測定会 in 福井のお申込みは終了しました。　
<a href='http://www.dosa.or.jp/event_pdf/2020/20200224.pdf'>http://www.dosa.or.jp/event_pdf/2020/20200224.pdf</a>",お知らせ,,
,,sugimoto,2020/01/29,post,publish,2020/2/22 JALスポーツ能力測定会 in 愛媛のお申込みは終了しました。　,"2020/2/22 JALスポーツ能力測定会 in 愛媛のお申込みは終了しました。　
<a href='http://www.dosa.or.jp/event_pdf/2020/20200222.pdf'>http://www.dosa.or.jp/event_pdf/2020/20200222.pdf</a>",お知らせ,,
,,sugimoto,2020/01/27,post,publish,2020/2/16 JALスポーツ能力測定会 in 宮城のお申込みは終了しました。　,"2020/2/16 JALスポーツ能力測定会 in 宮城のお申込みは終了しました。　
<a href='http://www.dosa.or.jp/event_pdf/2020/20200216.pdf'>http://www.dosa.or.jp/event_pdf/2020/20200216.pdf</a>",お知らせ,,
,,sugimoto,2020/01/17,post,publish,2020/2/11 JALスポーツ能力測定会 in 山梨のお申込みは終了しました。　,"2020/2/11 JALスポーツ能力測定会 in 山梨のお申込みは終了しました。　
<a href='http://www.dosa.or.jp/event_pdf/2020/20200211_ym.pdf'>http://www.dosa.or.jp/event_pdf/2020/20200211_ym.pdf</a>",お知らせ,,
,,sugimoto,2020/01/11,post,publish,2020/3/1 スポーツポテンシャル測定会 in 板橋区のお申込みは終了しました。　,"2020/3/1 スポーツポテンシャル測定会 in 板橋区のお申込みは終了しました。　
<a href='http://www.dosa.or.jp/event_pdf/2020/20200301.pdf'>http://www.dosa.or.jp/event_pdf/2020/20200301.pdf</a>",お知らせ,,
,,sugimoto,2020/1/10,post,publish,2020/2/15 スポーツポテンシャル測定会 in 葛飾区のお申込みは終了しました。　,"2020/2/15 スポーツポテンシャル測定会 in 葛飾区のお申込みは終了しました。　
<a href='http://www.dosa.or.jp/event_pdf/2020/20200215tky.pdf'>http://www.dosa.or.jp/event_pdf/2020/20200215tky.pdf</a>",お知らせ,,
,,sugimoto,2020/01/08,post,publish,2020/2/15 スポーツ能力測定会 in 菊川市のお申込みは終了しました。　,"2020/2/15 スポーツ能力測定会 in 菊川市のお申込みは終了しました。　
<a href='http://www.dosa.or.jp/event_pdf/2020/20200215.pdf'>http://www.dosa.or.jp/event_pdf/2020/20200215.pdf</a>",お知らせ,,
,,sugimoto,2019/12/27,post,publish,JALスポーツ能力測定会 in 鹿児島のお申込みは終了しました。　,"JALスポーツ能力測定会 in 鹿児島のお申込みは終了しました。　
<a href='http://www.dosa.or.jp/event_pdf/2020/20200125.pdf'>http://www.dosa.or.jp/event_pdf/2020/20200125.pdf</a>",お知らせ,,
,,sugimoto,2019/12/23,post,publish,2020/1/19 スポーツ能力測定会 in 福井のお申込みは終了しました。　,"2020/1/19 スポーツ能力測定会 in 福井のお申込みは終了しました。　
<a href='http://www.dosa.or.jp/event_pdf/2020/20200119_fki.pdf'>http://www.dosa.or.jp/event_pdf/2020/20200119_fki.pdf</a>",お知らせ,,
,,sugimoto,2019/12/17,post,publish,2020/1/19 JALスポーツ能力測定会 in 福岡のお申込みは終了しました。　,"2020/1/19 JALスポーツ能力測定会 in 福岡のお申込みは終了しました。　
<a href='http://www.dosa.or.jp/event_pdf/2020/20200119fk.pdf'>http://www.dosa.or.jp/event_pdf/2020/20200119fk.pdf</a>",お知らせ,,
,,sugimoto,2019/12/06,post,publish,2020/1/11 JALスポーツ能力測定会 in 富山のお申込みは終了しました。　,"2020/1/11 JALスポーツ能力測定会 in 富山のお申込みは終了しました。　
<a href='http://www.dosa.or.jp/event_pdf/2020/20200111.pdf'>http://www.dosa.or.jp/event_pdf/2020/20200111.pdf</a>",お知らせ,,
,,sugimoto,2019/11/20,post,publish,12/22 JALスポーツ能力測定会 in 栃木のお申込みは終了しました。　,"12/22 JALスポーツ能力測定会 in 栃木のお申込みは終了しました。　
<a href='http://www.dosa.or.jp/event_pdf/2019/20191222.pdf'>http://www.dosa.or.jp/event_pdf/2019/20191222.pdf</a>",お知らせ,,
,,sugimoto,2019/11/20,post,publish,12/15 スポーツ能力測定会 in 宇都宮のお申込みは終了しました。　,"12/15 スポーツ能力測定会 in 宇都宮のお申込みは終了しました。　
<a href='http://www.dosa.or.jp/event_pdf/2019/20191215.pdf'>http://www.dosa.or.jp/event_pdf/2019/20191215.pdf</a>",お知らせ,,
,,sugimoto,2019/11/11,post,publish,12/14 JALスポーツ能力測定会 in 水戸のお申込みは終了しました。　,"12/14 JALスポーツ能力測定会 in 水戸のお申込みは終了しました。　
<a href='http://www.dosa.or.jp/event_pdf/2019/201912142.pdf'>http://www.dosa.or.jp/event_pdf/2019/201912142.pdf</a>",お知らせ,,
,,sugimoto,2019/11/11,post,publish,12/14 JALスポーツ能力測定会 in 水戸のお申込みは終了しました。　,"12/14 JALスポーツ能力測定会 in 水戸のお申込みは終了しました。　
<a href='http://www.dosa.or.jp/event_pdf/2019/201912142.pdf'>http://www.dosa.or.jp/event_pdf/2019/201912142.pdf</a>",お知らせ,,
,,sugimoto,2019/11/11,post,publish,12/8 JALスポーツ能力測定会 in 和歌山のお申込みは終了しました。　,"12/8 JALスポーツ能力測定会 in 和歌山のお申込みは終了しました。　
<a href='http://www.dosa.or.jp/event_pdf/2019/20191208.pdf'>http://www.dosa.or.jp/event_pdf/2019/20191208.pdf</a>",お知らせ,,
,,sugimoto,2019/11/06,post,publish,12/14 スポーツ能力測定会 in 御殿場市のお申込みは終了しました。　,"12/14 スポーツ能力測定会 in 御殿場市のお申込みは終了しました。　
<a href='http://www.dosa.or.jp/event_pdf/2019/20191214.pdf'>http://www.dosa.or.jp/event_pdf/2019/20191214.pdf</a>",お知らせ,,
,,sugimoto,2019/11/01,post,publish,スポーツ能力測定会 in 大洲のお申込みは終了しました。　,"スポーツ能力測定会 in 大洲のお申込みは終了しました。　
<a href='http://www.dosa.or.jp/event_pdf/2019/20191130.pdf'>http://www.dosa.or.jp/event_pdf/2019/20191130.pdf</a>",お知らせ,,
,,sugimoto,2019/10/21,post,publish,11/3 秋のこむこむまつりスポーツ能力測定チャレンジのお申込みは終了しました。,"11/3 秋のこむこむまつりスポーツ能力測定チャレンジのお申込みは終了しました。
<a href='http://www.dosa.or.jp/event_pdf/2019/20191103-f.pdf'>http://www.dosa.or.jp/event_pdf/2019/20191103-f.pdf</a>",お知らせ,,
,,sugimoto,2019/10/17,post,publish,11/23 DOSAスポーツ能力測定会 in 秋田のお申込みは終了しました。,"11/23 DOSAスポーツ能力測定会 in 秋田のお申込みは終了しました。
<a href='http://www.dosa.or.jp/event_pdf/2019/20191123.pdf'>http://www.dosa.or.jp/event_pdf/2019/20191123.pdf</a>",お知らせ,,
,,sugimoto,2019/10/11,post,publish,台風25号接近に伴い「スポーツ能力測定会in三鷹市」開催は中止となりました。,"台風25号接近に伴い「スポーツ能力測定会in三鷹市」開催は中止となりました。
<a href='http://www.dosa.or.jp/event_pdf/2019/20191013.pdf'>http://www.dosa.or.jp/event_pdf/2019/20191013.pdf</a>",お知らせ,,
,,sugimoto,2019/10/08,post,publish,11/16 スポーツ能力測定会 in 藤枝市のお申込みは終了しました。,"11/16 スポーツ能力測定会 in 藤枝市のお申込みは終了しました。
<a href='http://www.dosa.or.jp/event_pdf/2019/20191116.pdf'>http://www.dosa.or.jp/event_pdf/2019/20191116.pdf</a>",お知らせ,,
,,sugimoto,2019/10/07,post,publish,11/2-3 三菱UFJ銀行スポーツチャレンジ in 東京のお申込みは終了しました。,11/2-3 三菱UFJ銀行スポーツチャレンジ in 東京のお申込みは終了しました。,お知らせ,,
,,sugimoto,2019/10/01,post,publish,10/27 JALスポーツ能力測定会 in 京都のお申込みは終了しました。,"10/27 JALスポーツ能力測定会 in 京都のお申込みは終了しました。
<a href='http://www.dosa.or.jp/event_pdf/2019/20191027.pdf'>http://www.dosa.or.jp/event_pdf/2019/20191027.pdf</a>",お知らせ,,
,,sugimoto,2019/09/11,post,publish,10/22 札幌市豊平区測定会のお申込みは終了しました。,"10/22 札幌市豊平区測定会のお申込みは終了しました。
<a href='http://www.dosa.or.jp/event_pdf/2019/20191022.pdf'>http://www.dosa.or.jp/event_pdf/2019/20191022.pdf</a>",お知らせ,,
,,sugimoto,2019/09/08,post,publish,10/13 DOSAスポーツ能力測定会 in 三鷹市のお申込みは終了しました。,"10/13 DOSAスポーツ能力測定会 in 三鷹市のお申込みは終了しました。
<a href='http://www.dosa.or.jp/event_pdf/2019/20191013.pdf'>http://www.dosa.or.jp/event_pdf/2019/20191013.pdf</a>",お知らせ,,
,,sugimoto,2019/08/19,post,publish,10/20 秋田県スポーツ能力測定会&スポーツ体験会のお申込みはは終了しました。,"10/20 秋田県スポーツ能力測定会&スポーツ体験会のお申込みはは終了しました。
<a href='http://www.dosa.or.jp/event_pdf/2019/20191020.pdf'>http://www.dosa.or.jp/event_pdf/2019/20191020.pdf</a>",お知らせ,,
,,sugimoto,2019/08/19,post,publish,9/16スポーツ能力測定会 in 福井のお申込みは終了しました。,"9/16スポーツ能力測定会 in 福井のお申込みは終了しました。
<a href='http://www.dosa.or.jp/event_pdf/2019/20190916.pdf'>http://www.dosa.or.jp/event_pdf/2019/20190916.pdf</a>",お知らせ,,
,,sugimoto,2019/08/06,post,publish,スポーツ庁「Sport in Lifeプロジェクト」への参画を承認されました,スポーツ庁「Sport in Lifeプロジェクト」への参画を承認されました,お知らせ,,
,,sugimoto,2019/7/26,post,publish,9/8 JALスポーツ能力測定会in群馬のお申込みは終了しました。,"9/8 JALスポーツ能力測定会in群馬のお申込みは終了しました。
<a href='http://www.dosa.or.jp/event_pdf/2019/20190908.pdf'>http://www.dosa.or.jp/event_pdf/2019/20190908.pdf</a>",お知らせ,,
,,sugimoto,2019/7/22,post,publish,9/7 四日市市スポーツ能力測定会のお申込みは終了しました。,"9/7 四日市市スポーツ能力測定会のお申込みは終了しました。
<a href='http://www.dosa.or.jp/event_pdf/2019/20190907.pdf'>http://www.dosa.or.jp/event_pdf/2019/20190907.pdf</a>",お知らせ,,
,,sugimoto,2019/7/22,post,publish,9/1 JALスポーツ能力測定会in佐賀のお申込みは終了しました。,"9/1 JALスポーツ能力測定会in佐賀のお申込みは終了しました。
<a href='http://www.dosa.or.jp/event_pdf/2019/20190901.pdf'>http://www.dosa.or.jp/event_pdf/2019/20190901.pdf</a>",お知らせ,,
,,sugimoto,2019/7/12,post,publish,8/12 環境さっぽろ2019 スポーツ能力測定会は終了いたしました。,"8/12 環境さっぽろ2019 スポーツ能力測定会は終了いたしました。
<a href='http://www.dosa.or.jp/event_pdf/2019/20190821.pdf'>http://www.dosa.or.jp/event_pdf/2019/20190821.pdf</a>",お知らせ,,
,,sugimoto,2019/06/24,post,publish,7/20スポーツ能力測定会 in 長野のお申込みは終了しました。　,"7/20スポーツ能力測定会 in 長野のお申込みは終了しました。　
<a href='http://www.dosa.or.jp/event_pdf/2019/20190720.pdf'>http://www.dosa.or.jp/event_pdf/2019/20190720.pdf</a>",お知らせ,,
,,sugimoto,2019/06/18,post,publish,あいちトップアスリートアカデミー2019ご応募者へのお詫びとお願い,"あいちトップアスリートアカデミー2019ご応募者へのお詫びとお願い
<a href='http://www.dosa.or.jp/event_pdf/2019/20190618.pdf'>http://www.dosa.or.jp/event_pdf/2019/20190618.pdf</a>",お知らせ,,
,,sugimoto,2019/06/17,post,publish,JALスポーツ能力測定会 in 石川のお申込みは終了しました。　,"JALスポーツ能力測定会 in 石川のお申込みは終了しました。　
<a href='http://www.dosa.or.jp/event_pdf/2019/20190713.pdf'>http://www.dosa.or.jp/event_pdf/2019/20190713.pdf</a>",お知らせ,,
,,sugimoto,2019/06/14,post,publish,7/20スポーツ能力測定会 in つくばスポーツフェスティバル2019のお申込みは終了しました。　,"7/20スポーツ能力測定会 in つくばスポーツフェスティバル2019のお申込みは終了しました。　
<a href='http://www.dosa.or.jp/event_pdf/2019/20190720tk.pdf'>http://www.dosa.or.jp/event_pdf/2019/20190720tk.pdf</a>",お知らせ,,
,,sugimoto,2019/06/14,post,publish,7/14スポーツ能力測定会＆スポーツ見本市（七尾市）のお申込みは終了しました。　,"7/14スポーツ能力測定会＆スポーツ見本市（七尾市）のお申込みは終了しました。　
<a href='http://www.dosa.or.jp/event_pdf/2019/20190714.pdf'>http://www.dosa.or.jp/event_pdf/2019/20190714.pdf</a>",お知らせ,,
,,sugimoto,2019/06/12,post,publish,7/7スポーツ能力測定会 in 那須塩原のお申込みはのお申込みは終了しました。　,"7/7スポーツ能力測定会 in 那須塩原のお申込みはのお申込みは終了しました。　
<a href='http://www.dosa.or.jp/event_pdf/2019/20190707.pdf'>http://www.dosa.or.jp/event_pdf/2019/20190707.pdf</a>",お知らせ,,
,,sugimoto,2019/06/11,post,publish,6/15宮古島測定会につきまして　6/15JAL宮古島測定会は、事前参加申し込みの受付を終了しておりますが、当日会場での申し込みも受け付けます。その場合、受付にお時間を要する場合がございますのでご了承ください。,6/15宮古島測定会につきまして　6/15JAL宮古島測定会は、事前参加申し込みの受付を終了しておりますが、当日会場での申し込みも受け付けます。その場合、受付にお時間を要する場合がございますのでご了承ください。,お知らせ,,
,,sugimoto,2019/06/07,post,publish,あいちトップアスリートアカデミー2019募集定員超過に関するお知らせ,"あいちトップアスリートアカデミー2019募集定員超過に関するお知らせ
<a href='http://www.dosa.or.jp/event_pdf/2019/0607-info.pdf'>http://www.dosa.or.jp/event_pdf/2019/0607-info.pdf</a>",お知らせ,,
,,sugimoto,2019/06/04,post,publish,7/7 スポーツ能力測定会 in 南大隅町ののお申込みは終了しました。,"7/7 スポーツ能力測定会 in 南大隅町ののお申込みは終了しました。
<a href='http://www.dosa.or.jp/event_pdf/2019/20190707kg.pdf'>http://www.dosa.or.jp/event_pdf/2019/20190707kg.pdf</a>",お知らせ,,
,,sugimoto,2019/05/20,post,publish,6/15 JALスポーツ能力測定会 in 宮古島のお申込みは終了しました。,"6/15 JALスポーツ能力測定会 in 宮古島のお申込みは終了しました。
<a href='http://www.dosa.or.jp/event_pdf/2019/20190615.pdf'>http://www.dosa.or.jp/event_pdf/2019/20190615.pdf</a>",お知らせ,,
,,sugimoto,2019/05/20,post,publish,7/13 あいちトップアスリートアカデミー 名古屋会場おのお申込みは終了しました。,"7/13 あいちトップアスリートアカデミー 名古屋会場おのお申込みは終了しました。
<a href='http://www.dosa.or.jp/event_pdf/2019/201907.pdf'>http://www.dosa.or.jp/event_pdf/2019/201907.pdf</a>",お知らせ,,
,,sugimoto,2019/05/20,post,publish,7/20 あいちトップアスリートアカデミー 豊川会場のお申込みは終了しました。,"7/20 あいちトップアスリートアカデミー 豊川会場のお申込みは終了しました。
<a href='http://www.dosa.or.jp/event_pdf/2019/201907.pdf'>http://www.dosa.or.jp/event_pdf/2019/201907.pdf</a>",お知らせ,,
,,sugimoto,2019/05/20,post,publish,7/27 あいちトップアスリートアカデミー 岡崎会場のお申込みは終了しました。,"7/27 あいちトップアスリートアカデミー 岡崎会場のお申込みは終了しました。
<a href='http://www.dosa.or.jp/event_pdf/2019/201907.pdf'>http://www.dosa.or.jp/event_pdf/2019/201907.pdf</a>",お知らせ,,
,,sugimoto,2019/05/10,post,publish,6/23 スポーツポテンシャル葛飾区測定会のお申込みは終了しました。,"6/23 スポーツポテンシャル葛飾区測定会のお申込みは終了しました。
<a href='http://www.dosa.or.jp/event_pdf/2019/20190623.pdf'>http://www.dosa.or.jp/event_pdf/2019/20190623.pdf</a>",お知らせ,,
,,sugimoto,2019/04/11,post,publish,4/27～5/6たまがわキッズスポーツフェスタは終了いたしました。,4/27～5/6たまがわキッズスポーツフェスタは終了いたしました。,お知らせ,,
,,sugimoto,2019/03/22,post,publish,4/20 JALスポーツ能力測定会in新潟のお申込みは終了いたしました。,"4/20 JALスポーツ能力測定会in新潟のお申込みは終了いたしました。
<a href='http://www.dosa.or.jp/event_pdf/2019/20190420.pdf'>http://www.dosa.or.jp/event_pdf/2019/20190420.pdf</a>",お知らせ,,
,,sugimoto,2019/03/14,post,publish,3/24 JAL広島測定会お申込みは終了いたしました。,"3/24 JAL広島測定会お申込みは終了いたしました。
<a href='http://www.dosa.or.jp/event_pdf/2019/20190324-2.pdf'>http://www.dosa.or.jp/event_pdf/2019/20190324-2.pdf</a>",お知らせ,,
,,sugimoto,2019/03/11,post,publish,4/13 JALスポーツ能力測定会 in 鳥取のお申込みは終了いたしました。,"4/13 JALスポーツ能力測定会 in 鳥取のお申込みは終了いたしました。
<a href='http://www.dosa.or.jp/event_pdf/2019/20190413.pdf'>http://www.dosa.or.jp/event_pdf/2019/20190413.pdf</a>",お知らせ,,
,,sugimoto,2019/03/02,post,publish,3/27 JALスポーツ能力測定会 in 埼玉のお申込みは終了いたしました。,"3/27 JALスポーツ能力測定会 in 埼玉のお申込みは終了いたしました。
<a href='http://www.dosa.or.jp/event_pdf/2019/20190327.pdf'>http://www.dosa.or.jp/event_pdf/2019/20190327.pdf</a>",お知らせ,,
,,sugimoto,2019/02/26,post,publish,3/23 JALスポーツ能力測定会 in 愛知お申込みは終了いたしました。,"3/23 JALスポーツ能力測定会 in 愛知お申込みは終了いたしました。
<a href='http://www.dosa.or.jp/event_pdf/2019/20190323.pdf'>http://www.dosa.or.jp/event_pdf/2019/20190323.pdf</a>",お知らせ,,
,,sugimoto,2019/02/19,post,publish,3/16 JALスポーツ能力測定会 in 神奈川お申込みは終了いたしました。,"3/16 JALスポーツ能力測定会 in 神奈川お申込みは終了いたしました。
<a href='http://www.dosa.or.jp/event_pdf/2019/20190316.pdf'>http://www.dosa.or.jp/event_pdf/2019/20190316.pdf</a>",お知らせ,,
,,sugimoto,2019/02/12,post,publish,3/9 JALスポーツ能力測定会in静岡のお申込みは終了いたしました。,"3/9 JALスポーツ能力測定会in静岡のお申込みは終了いたしました。
<a href='http://www.dosa.or.jp/event_pdf/2019/20190309.pdf'>http://www.dosa.or.jp/event_pdf/2019/20190309.pdf</a>",お知らせ,,
,,sugimoto,2019/01/28,post,publish,2/23 JALスポーツ能力測定会 in 山口のお申込みは終了いたしました。,"2/23 JALスポーツ能力測定会 in 山口のお申込みは終了いたしました。
<a href='http://www.dosa.or.jp/event_pdf/2019/20190223_YAMAGUCHI.pdf'>http://www.dosa.or.jp/event_pdf/2019/20190223_YAMAGUCHI.pdf</a>",お知らせ,,
,,sugimoto,2019/01/16,post,publish,2/11 スポーツ能力測定会 in 小山のお申込みは終了いたしました。,"2/11 スポーツ能力測定会 in 小山のお申込みは終了いたしました。
<a href='http://www.dosa.or.jp/event_pdf/2019/20190211.pdf'>http://www.dosa.or.jp/event_pdf/2019/20190211.pdf</a>",お知らせ,,
,,sugimoto,2019/01/12,post,publish,2/17 板橋区スポーツポテンシャル測定会のお申込みは終了いたしました。,"2/17 板橋区スポーツポテンシャル測定会のお申込みは終了いたしました。
<a href='http://www.dosa.or.jp/event_pdf/2019/20190217.pdf'>http://www.dosa.or.jp/event_pdf/2019/20190217.pdf</a>",お知らせ,,
,,sugimoto,2018/12/30,post,publish,1/19 JAL長崎測定会のお申込みは終了いたしました。,"1/19 JAL長崎測定会のお申込みは終了いたしました。
<a href='http://www.dosa.or.jp/event_pdf/2019/JAL_20190119_nagasaki.pdf'>http://www.dosa.or.jp/event_pdf/2019/JAL_20190119_nagasaki.pdf</a>",お知らせ,,
,,sugimoto,2018/12/10,post,publish,12/24 JAL沖縄測定会のお申込みは終了いたしました。,"12/24 JAL沖縄測定会のお申込みは終了いたしました。
<a href='http://www.dosa.or.jp/event_pdf/JAL_20181224_OKINAWA.pdf'>http://www.dosa.or.jp/event_pdf/JAL_20181224_OKINAWA.pdf</a>",お知らせ,,
,,sugimoto,2018/11/27,post,publish,12/15 JAL高知測定会のお申込みは終了いたしました。,12/15 JAL高知測定会のお申込みは終了いたしました。,お知らせ,,
,,sugimoto,2018/11/20,post,publish,12/9 JAL大阪測定会のお申込みは終了いたしました。,12/9 JAL大阪測定会のお申込みは終了いたしました。,お知らせ,,
,,sugimoto,2018/11/15,post,publish,12/8 JAL福井測定会のお申込みは終了いたしました。,12/8 JAL福井測定会のお申込みは終了いたしました。,お知らせ,,
,,sugimoto,2018/11/05,post,publish,12/1 JAL奈良測定会のお申込みは終了いたしました。,12/1 JAL奈良測定会のお申込みは終了いたしました。,お知らせ,,
,,sugimoto,2018/10/15,post,publish,11/03 JAL滋賀測定会のお申込みは終了いたしました。,11/03 JAL滋賀測定会のお申込みは終了いたしました。,お知らせ,,
,,sugimoto,2018/10/05,post,publish,台風25号接近に伴い「スポーツ能力測定会in鳥取」開催は中止となりました。,台風25号接近に伴い「スポーツ能力測定会in鳥取」開催は中止となりました。,お知らせ,,
,,sugimoto,2018/10/02,post,publish,10/28 JAL宮崎測定会のお申込み受付は終了いたしました。,10/28 JAL宮崎測定会のお申込み受付は終了いたしました。,お知らせ,,
,,sugimoto,2018/09/11,post,publish,10/20 DOSA秋田測定会のお申込み受付は終了いたしました。,10/20 DOSA秋田測定会のお申込み受付は終了いたしました。,お知らせ,,
,,sugimoto,2018/09/05,post,publish,10/20 DOSA豊平区測定会のお申込み受付は終了いたしました。,10/20 DOSA豊平区測定会のお申込み受付は終了いたしました。,お知らせ,,
,,sugimoto,2018/09/05,post,publish,10/13 DOSAつくば測定会のお申込み受付は終了いたしました。,10/13 DOSAつくば測定会のお申込み受付は終了いたしました。,お知らせ,,
,,sugimoto,2018/09/05,post,publish,10/06 JAL鳥取測定会のお申込み受付は終了いたしました。,10/06 JAL鳥取測定会のお申込み受付は終了いたしました。,お知らせ,,
,,sugimoto,2018/09/02,post,publish,10/07 東京・三鷹測定会のお申込み受付は終了いたしました。,10/07 東京・三鷹測定会のお申込み受付は終了いたしました。,お知らせ,,
,,sugimoto,2018/08/20,post,publish,9/17 岩手測定会のお申込み受付は終了いたしました。,9/17 岩手測定会のお申込み受付は終了いたしました。,お知らせ,,
,,sugimoto,2018/08/01,post,publish,9/08 三重測定会のお申込み受付は終了いたしました。,9/08 三重測定会のお申込み受付は終了いたしました。,お知らせ,,
,,sugimoto,2018/07/28,post,publish,7月28日（土）わくわくスポーツ塾～ 自分に合ったスポーツを知ろう～開催可否につきまして,"7月28日（土）わくわくスポーツ塾～ 自分に合ったスポーツを知ろう～開催可否につきまして
<a href='https://www.dosa.or.jp/top_img/20180728.pdf'>https://www.dosa.or.jp/top_img/20180728.pdf</a>",お知らせ,,
,,sugimoto,2018/07/23,post,publish,9/2 佐賀測定会のお申込み受付は終了いたしました。,9/2 佐賀測定会のお申込み受付は終了いたしました。,お知らせ,,
,,sugimoto,2018/07/23,post,publish,9/2 石川測定会のお申込み受付は終了しました。,9/2 石川測定会のお申込み受付は終了しました。,お知らせ,,
,,sugimoto,2018/07/18,post,publish,8/26 宇都宮測定会のお申込み受付は終了いたしました。,8/26 宇都宮測定会のお申込み受付は終了いたしました。,お知らせ,,
,,sugimoto,2018/07/13,post,publish,わくわくスポーツ塾  -自分に合ったスポーツを知ろう- のお申込み受付は終了しました。　パナソニックセンター東京 ホールでスポーツ測定会が開催されます。,わくわくスポーツ塾  -自分に合ったスポーツを知ろう- のお申込み受付は終了しました。　パナソニックセンター東京 ホールでスポーツ測定会が開催されます。,お知らせ,,
,,sugimoto,2018/07/12,post,publish,7/21 長野（長野市開催）測定会のお申込み受付は終了しました。,7/21 長野（長野市開催）測定会のお申込み受付は終了しました。,お知らせ,,
,,sugimoto,2018/06/20,post,publish,7/22 長野（松本市開催）測定会のお申込み受付は終了しました。,7/22 長野（松本市開催）測定会のお申込み受付は終了しました。,お知らせ,,
,,sugimoto,2018/07/11,post,publish,8/25 豊岡測定会のお申込み受付は終了しました。,8/25 豊岡測定会のお申込み受付は終了しました。,お知らせ,,
,,sugimoto,2018/06/10,post,publish,青森測定会のお申込み受付は終了しました。,青森測定会のお申込み受付は終了しました。,お知らせ,,
,,sugimoto,2018/03/05,post,publish,岡山測定会のお申込み受付を開始（3月17日〆切）,岡山測定会のお申込み受付を開始（3月17日〆切）,お知らせ,,
,,sugimoto,2018/02/21,post,publish,島根測定会のお申込み受付を開始（3月4日〆切）,島根測定会のお申込み受付を開始（3月4日〆切）,お知らせ,,
,,sugimoto,2018/02/20,post,publish,淡路測定会のお申込み受付は終了しました。,淡路測定会のお申込み受付は終了しました。,お知らせ,,
,,sugimoto,2018/02/16,post,publish,福島測定会のお申込み受付を開始（3月5日〆切）,福島測定会のお申込み受付を開始（3月5日〆切）,お知らせ,,
,,sugimoto,2018/02/08,post,publish,香川測定会のお申込み受付は終了しました。,香川測定会のお申込み受付は終了しました。,お知らせ,,
,,sugimoto,2018/02/07,post,publish,淡路測定会のお申込み受付を開始（2月20日〆切）,淡路測定会のお申込み受付を開始（2月20日〆切）,お知らせ,,
,,sugimoto,2018/02/05,post,publish,徳島測定会のお申込み受付は終了しました。,徳島測定会のお申込み受付は終了しました。,お知らせ,,
,,sugimoto,2018/02/02,post,publish,板橋区測定会のお申込み受付は終了しました。,板橋区測定会のお申込み受付は終了しました。,お知らせ,,
,,sugimoto,2018/01/26,post,publish,香川測定会のお申込み受付を開始（2月8日〆切）,香川測定会のお申込み受付を開始（2月8日〆切）,お知らせ,,
,,sugimoto,2018/01/23,post,publish,徳島測定会のお申込み受付を開始（2月5日〆切）,徳島測定会のお申込み受付を開始（2月5日〆切）,お知らせ,,
,,sugimoto,2017/12/23,post,publish,板橋区測定会のお申込み受付を開始（2月2日〆切）,板橋区測定会のお申込み受付を開始（2月2日〆切）,お知らせ,,
,,sugimoto,2017/12/07,post,publish,佐賀測定会のお申込み受付は終了しました。,佐賀測定会のお申込み受付は終了しました。,お知らせ,,
,,sugimoto,2017/11/24,post,publish,佐賀測定会のお申込み受付を開始（12月7日〆切）,佐賀測定会のお申込み受付を開始（12月7日〆切）,お知らせ,,
,,sugimoto,2017/11/21,post,publish,札幌測定会のお申込み受付は終了しました。,札幌測定会のお申込み受付は終了しました。,お知らせ,,
,,sugimoto,2017/11/08,post,publish,代々木測定会のお申込み受付は終了しました。,代々木測定会のお申込み受付は終了しました。,お知らせ,,
,,sugimoto,2017/11/06,post,publish,札幌測定会のお申込み受付を開始（11月21日〆切）,札幌測定会のお申込み受付を開始（11月21日〆切）,お知らせ,,
,,sugimoto,2017/10/15,post,publish,釧路測定会のお申込み受付は終了しました。,釧路測定会のお申込み受付は終了しました。,お知らせ,,
,,sugimoto,2017/10/11,post,publish,代々木測定会のお申込み受付を開始（11月8日〆切）,代々木測定会のお申込み受付を開始（11月8日〆切）,お知らせ,,
,,sugimoto,2017/10/01,post,publish,釧路測定会のお申込み受付を開始（10月15日〆切）,釧路測定会のお申込み受付を開始（10月15日〆切）,お知らせ,,
,,sugimoto,2017/09/29,post,publish,金沢測定会のお申込み受付は終了しました。,金沢測定会のお申込み受付は終了しました。,お知らせ,,
,,sugimoto,2017/09/22,post,publish,三鷹市測定会のお申込み受付は終了しました。,三鷹市測定会のお申込み受付は終了しました。,お知らせ,,
,,sugimoto,2017/09/06,post,publish,9/16開催秋田測定会のお申込み受付は終了しました。,9/16開催秋田測定会のお申込み受付は終了しました。,お知らせ,,
,,sugimoto,2017/09/05,post,publish,東広島測定会のお申込み受付は終了しました。,東広島測定会のお申込み受付は終了しました。,お知らせ,,
,,sugimoto,2017/09/04,post,publish,9/17開催秋田測定会のお申込み受付は終了しました。,9/17開催秋田測定会のお申込み受付は終了しました。,お知らせ,,
,,sugimoto,2017/09/03,post,publish,三鷹市測定会のお申込み受付を開始（9月22日〆切）,三鷹市測定会のお申込み受付を開始（9月22日〆切）,お知らせ,,
,,sugimoto,2017/08/29,post,publish,金沢測定会のお申込み受付を開始（9月29日〆切）,金沢測定会のお申込み受付を開始（9月29日〆切）,お知らせ,,
,,sugimoto,2017/08/27,post,publish,モレラ岐阜測定会のお申込み受付は終了しました。,モレラ岐阜測定会のお申込み受付は終了しました。,お知らせ,,
,,sugimoto,2017/08/20,post,publish,福島測定会のお申込み受付は終了しました。,福島測定会のお申込み受付は終了しました。,お知らせ,,
,,sugimoto,2017/08/16,post,publish,9/16開催秋田測定会のお申込み受付を開始（9月6日〆切）,9/16開催秋田測定会のお申込み受付を開始（9月6日〆切）,お知らせ,,
,,sugimoto,2017/08/04,post,publish,モレラ岐阜測定会のお申込み受付を開始（8月27日〆切）,モレラ岐阜測定会のお申込み受付を開始（8月27日〆切）,お知らせ,,
,,sugimoto,2017/08/01,post,publish,9/17開催秋田測定会のお申込み受付を開始（9月4日〆切）,9/17開催秋田測定会のお申込み受付を開始（9月4日〆切）,お知らせ,,
,,sugimoto,2017/07/25,post,publish,福島測定会のお申込み受付を開始（8月20日〆切）,福島測定会のお申込み受付を開始（8月20日〆切）,お知らせ,,
,,sugimoto,2017/07/20,post,publish,"大分（7月22日実施）・福島（8月27日実施）・秋田（9月17日実施）測定会の
チラシの記載に下記の誤りがございました。お詫びして訂正いたします。
訂正箇所：当日スケジュール【7組目】
訂正前：15：20～訂正後：15：30～","大分（7月22日実施）・福島（8月27日実施）・秋田（9月17日実施）測定会の
チラシの記載に下記の誤りがございました。お詫びして訂正いたします。
訂正箇所：当日スケジュール【7組目】
訂正前：15：20～訂正後：15：30～",お知らせ,,
,,sugimoto,2017/07/18,post,publish,東広島測定会のお申込み受付を開始（9月5日〆切）,東広島測定会のお申込み受付を開始（9月5日〆切）,お知らせ,,
,,sugimoto,2017/07/12,post,publish,大分測定会のお申込み受付は終了しました。,大分測定会のお申込み受付は終了しました。,お知らせ,,
,,sugimoto,2017/06/26,post,publish,大分測定会のお申込み受付を開始（7月12日〆切）,大分測定会のお申込み受付を開始（7月12日〆切）,お知らせ,,
,,sugimoto,2017/06/11,post,publish,豊平区測定会のお申込み受付は終了しました。,豊平区測定会のお申込み受付は終了しました。,お知らせ,,
,,sugimoto,2017/05/08,post,publish,豊平区測定会のお申込み受付を開始（6月11日〆切）,豊平区測定会のお申込み受付を開始（6月11日〆切）,お知らせ,,
,,sugimoto,2017/05/07,post,publish,熊本測定会のお申込み受付は終了しました。,熊本測定会のお申込み受付は終了しました。,お知らせ,,
,,sugimoto,2017/04/24,post,publish,熊本測定会のお申込み受付を開始（5月7日〆切）,熊本測定会のお申込み受付を開始（5月7日〆切）,お知らせ,,
,,sugimoto,2017/02/15,post,publish,福島測定会のお申込み受付は終了しました。,福島測定会のお申込み受付は終了しました。,お知らせ,,
,,sugimoto,2017/01/30,post,publish,福島測定会のお申込み受付を開始（2月15日〆切）,福島測定会のお申込み受付を開始（2月15日〆切）,お知らせ,,
,,sugimoto,2016/11/20,post,publish,沖縄測定会のお申込み受付は終了しました。,沖縄測定会のお申込み受付は終了しました。,お知らせ,,
,,sugimoto,2016/11/17,post,publish,佐賀測定会のお申込み受付は終了しました。,佐賀測定会のお申込み受付は終了しました。,お知らせ,,
,,sugimoto,2016/11/16,post,publish,沖縄測定会のを開始（11月20日〆切）,沖縄測定会のを開始（11月20日〆切）,お知らせ,,
,,sugimoto,2016/10/24,post,publish,佐賀測定会のお申込み受付を開始（11月17日〆切）,佐賀測定会のお申込み受付を開始（11月17日〆切）,お知らせ,,
,,sugimoto,2016/10/23,post,publish,帯広測定会のお申込み受付は終了しました。,帯広測定会のお申込み受付は終了しました。,お知らせ,,
,,sugimoto,2016/10/16,post,publish,山口測定会のお申込み受付は終了しました。,山口測定会のお申込み受付は終了しました。,お知らせ,,
,,sugimoto,2016/10/03,post,publish,"関西ワールドマスターズゲームズ2021 体験型スポーツイベント
スポーツ能力測定会のお申込み受付は終了しました。","関西ワールドマスターズゲームズ2021 体験型スポーツイベント
スポーツ能力測定会のお申込み受付は終了しました。",お知らせ,,
,,sugimoto,2016/09/30,post,publish,山口測定会のお申込み受付を開始（10月16日〆切）,山口測定会のお申込み受付を開始（10月16日〆切）,お知らせ,,
,,sugimoto,2016/09/28,post,publish,"東京都スポーツドリーム2016　DOSAスポーツ能力測定会のお申込み受付は
終了しました。","東京都スポーツドリーム2016　DOSAスポーツ能力測定会のお申込み受付は
終了しました。",お知らせ,,
,,sugimoto,2016/09/25,post,publish,金沢測定会のお申込み受付は終了しました。,金沢測定会のお申込み受付は終了しました。,お知らせ,,
,,sugimoto,2016/09/13,post,publish,"関西ワールドマスターズゲームズ2021 体験型スポーツイベント
スポーツ能力測定会のお申込み受付を開始（10月3日〆切）","関西ワールドマスターズゲームズ2021 体験型スポーツイベント
スポーツ能力測定会のお申込み受付を開始（10月3日〆切）",お知らせ,,
,,sugimoto,2016/09/01,post,publish,"東京都スポーツドリーム2016　DOSAスポーツ能力測定会のお申込み受付を開始
      （9月28日〆切）","東京都スポーツドリーム2016　DOSAスポーツ能力測定会のお申込み受付を開始
      （9月28日〆切）",お知らせ,,
,,sugimoto,2016/09/01,post,publish,帯広測定会のお申込み受付を開始（10月23日〆切）,帯広測定会のお申込み受付を開始（10月23日〆切）,お知らせ,,
,,sugimoto,2016/08/23,post,publish,東広島測定会のお申込み受付は終了しました。,東広島測定会のお申込み受付は終了しました。,お知らせ,,
,,sugimoto,2016/08/23,post,publish,金沢測定会のお申込み受付を開始（9月25日〆切）,金沢測定会のお申込み受付を開始（9月25日〆切）,お知らせ,,
,,sugimoto,2016/08/21,post,publish,スポーツ能力測定会 in SMARKのお申込み受付は終了しました。,スポーツ能力測定会 in SMARKのお申込み受付は終了しました。,お知らせ,,
,,sugimoto,2016/08/12,post,publish,スポーツ能力測定会 in SMARKのお申込み受付を開始（8月21日〆切）,スポーツ能力測定会 in SMARKのお申込み受付を開始（8月21日〆切）,お知らせ,,
,,sugimoto,2016/07/27,post,publish,大村測定会のお申込み受付は終了しました。,大村測定会のお申込み受付は終了しました。,お知らせ,,
,,sugimoto,2016/07/01,post,publish,東広島測定会のお申込み受付を開始（8月23日〆切）,東広島測定会のお申込み受付を開始（8月23日〆切）,お知らせ,,
,,sugimoto,2016/07/01,post,publish,大村測定会のお申込み受付を開始（7月27日〆切）,大村測定会のお申込み受付を開始（7月27日〆切）,お知らせ,,
,,sugimoto,2016/05/29,post,publish,豊平区測定会のお申込み受付は終了しました。,豊平区測定会のお申込み受付は終了しました。,お知らせ,,
,,sugimoto,2016/05/21,post,publish,"FNNスーパーニュースWEEKENDで紹介されました。
      Yahoo！ニュースで紹介されました。
      ジョルダンで紹介されました。","FNNスーパーニュースWEEKENDで紹介されました。
      Yahoo！ニュースで紹介されました。
      ジョルダンで紹介されました。
<a href='http://headlines.yahoo.co.jp/hl?a=20160522-00000001-awire-bus_all'>http://headlines.yahoo.co.jp/hl?a=20160522-00000001-awire-bus_all</a>",お知らせ,,
,,sugimoto,2016/05/01,post,publish,豊平区測定会のお申込み受付を開始（5月29日〆切）,豊平区測定会のお申込み受付を開始（5月29日〆切）,お知らせ,,
,,sugimoto,2016/01/06,post,publish,2016年より日本航空の協賛をいただくことになりました。,"2016年より日本航空の協賛をいただくことになりました。
<a href='https://www.dosa.or.jp/information_201601.html'>https://www.dosa.or.jp/information_201601.html</a>",お知らせ,,
,,sugimoto,2015/12/13,post,publish,佐賀測定会のお申込み受付は終了しました。,佐賀測定会のお申込み受付は終了しました。,お知らせ,,
,,sugimoto,2015/12/09,post,publish,佐賀測定会お申し込み締切日を12月9日から12月13日までに延長致しました。,佐賀測定会お申し込み締切日を12月9日から12月13日までに延長致しました。,お知らせ,,
,,sugimoto,2015/11/16,post,publish,佐賀測定会のお申込み受付を開始（12月9日〆切）,佐賀測定会のお申込み受付を開始（12月9日〆切）,お知らせ,,
,,sugimoto,2015/11/15,post,publish,世田谷区測定会のお申込み受付は終了しました。,世田谷区測定会のお申込み受付は終了しました。,お知らせ,,
,,sugimoto,2015/10/26,post,publish,京都測定会のお申込み受付は終了しました。,京都測定会のお申込み受付は終了しました。,お知らせ,,
,,sugimoto,2015/10/20,post,publish,世田谷区測定会のお申込み受付を開始（11月15日〆切）,世田谷区測定会のお申込み受付を開始（11月15日〆切）,お知らせ,,
,,sugimoto,2015/10/18,post,publish,山口測定会のお申込み受付は終了しました。,山口測定会のお申込み受付は終了しました。,お知らせ,,
,,sugimoto,2015/10/12,post,publish,唐津測定会のお申込み受付は終了しました。,唐津測定会のお申込み受付は終了しました。,お知らせ,,
,,sugimoto,2015/10/08,post,publish,山口測定会お申し込み締切日を10月14日から10月18日までに延長致しました。,山口測定会お申し込み締切日を10月14日から10月18日までに延長致しました。,お知らせ,,
,,sugimoto,2015/09/24,post,publish,京都測定会のお申込み受付を開始（10月26日〆切）,京都測定会のお申込み受付を開始（10月26日〆切）,お知らせ,,
,,sugimoto,2015/09/23,post,publish,恵庭測定会のお申込み受付は終了しました。,恵庭測定会のお申込み受付は終了しました。,お知らせ,,
,,sugimoto,2015/09/17,post,publish,唐津測定会のお申込み受付を開始（10月12日〆切）,唐津測定会のお申込み受付を開始（10月12日〆切）,お知らせ,,
,,sugimoto,2015/09/16,post,publish,金沢測定会のお申込み受付は終了しました。,金沢測定会のお申込み受付は終了しました。,お知らせ,,
,,sugimoto,2015/09/15,post,publish,山口測定会のお申込み受付を開始（10月18日〆切）,山口測定会のお申込み受付を開始（10月18日〆切）,お知らせ,,
,,sugimoto,2015/09/10,post,publish,"金沢測定会お申し込み締切日を9月10日から9月16日までに延長致しました。
恵庭測定会お申し込み締切日を9月16日から9月23日までに延長致しました。","金沢測定会お申し込み締切日を9月10日から9月16日までに延長致しました。
恵庭測定会お申し込み締切日を9月16日から9月23日までに延長致しました。",お知らせ,,
,,sugimoto,2015/08/18,post,publish,恵庭測定会のお申込み受付を開始（9月23日〆切）,恵庭測定会のお申込み受付を開始（9月23日〆切）,お知らせ,,
,,sugimoto,2015/08/18,post,publish,金沢測定会のお申込み受付を開始（9月16日〆切）,金沢測定会のお申込み受付を開始（9月16日〆切）,お知らせ,,
,,sugimoto,2015/08/18,post,publish,いわき測定会のお申込み受付は終了しました。,いわき測定会のお申込み受付は終了しました。,お知らせ,,
,,sugimoto,2015/07/13,post,publish,いわき測定会のお申込み受付を開始（8月17日〆切）,いわき測定会のお申込み受付を開始（8月17日〆切）,お知らせ,,
,,sugimoto,2015/04/13,post,publish,郡山測定会のお申込み受付は終了しました。,郡山測定会のお申込み受付は終了しました。,お知らせ,,
,,sugimoto,2015/03/18,post,publish,郡山測定会のお申込み受付を開始（4月12日〆切）,郡山測定会のお申込み受付を開始（4月12日〆切）,お知らせ,,
,,sugimoto,2015/02/24,post,publish,テレビ東京系列「ワールドビジネスサテライト」で紹介される予定です。,テレビ東京系列「ワールドビジネスサテライト」で紹介される予定です。,お知らせ,,
,,sugimoto,2015/02/18,post,publish,KBC九州朝日放送「アサデス。」で紹介されました。,KBC九州朝日放送「アサデス。」で紹介されました。,お知らせ,,
,,sugimoto,2015/02/09,post,publish,佐賀測定会のお申込み受付は終了しました。,佐賀測定会のお申込み受付は終了しました。,お知らせ,,
,,sugimoto,2015/02/09,post,publish,那覇測定会のお申込み受付を開始（3月8日〆切）,那覇測定会のお申込み受付を開始（3月8日〆切）,お知らせ,,
,,sugimoto,2015/01/13,post,publish,佐賀測定会のお申込み受付を開始（2月9日〆切）,佐賀測定会のお申込み受付を開始（2月9日〆切）,お知らせ,,
,,sugimoto,2015/01/03,post,publish,テレ朝ニュースで放映されました。,テレ朝ニュースで放映されました。,お知らせ,,
,,sugimoto,2014/11/13,post,publish,2015/02/15佐賀県測定会実施決定,2015/02/15佐賀県測定会実施決定,お知らせ,,
,,sugimoto,2014/11/13,post,publish,2014/12/22東京都板橋区測定会実施決定,2014/12/22東京都板橋区測定会実施決定,お知らせ,,
,,sugimoto,2014/10/26,post,publish,京都測定会のお申込み受付は終了しました。,京都測定会のお申込み受付は終了しました。,お知らせ,,
,,sugimoto,2014/10/15,post,publish,茅ヶ崎測定会の二次お申込み受付は終了しました。,茅ヶ崎測定会の二次お申込み受付は終了しました。,お知らせ,,
,,sugimoto,2014/10/08,post,publish,茅ヶ崎測定会の二次お申込み受付を開始（10月15日〆切）,茅ヶ崎測定会の二次お申込み受付を開始（10月15日〆切）,お知らせ,,
,,sugimoto,2014/10/05,post,publish,岐阜測定会は終了しました。,岐阜測定会は終了しました。,お知らせ,,
,,sugimoto,2014/09/16,post,publish,京都測定会のお申込み受付を開始（10月26日〆切）,京都測定会のお申込み受付を開始（10月26日〆切）,お知らせ,,
,,sugimoto,2014/09/16,post,publish,茅ヶ崎測定会のお申込み受付を開始（10月7日〆切）,茅ヶ崎測定会のお申込み受付を開始（10月7日〆切）,お知らせ,,
,,sugimoto,2014/09/15,post,publish,岐阜測定会のお申込みは終了しました。,岐阜測定会のお申込みは終了しました。,お知らせ,,
,,sugimoto,2014/09/01,post,publish,岐阜測定会のお申込み受付を開始（9月14日〆切）,岐阜測定会のお申込み受付を開始（9月14日〆切）,お知らせ,,
,,sugimoto,2014/09/01,post,publish,札幌・山形測定会は終了しました。,札幌・山形測定会は終了しました。,お知らせ,,
,,sugimoto,2014/08/31,post,publish,日刊スポーツ札幌に掲載されました。,"日刊スポーツ札幌に掲載されました。
<a href='https://www.dosa.or.jp/news_pdf/newsrelease_20140831.pdf'>https://www.dosa.or.jp/news_pdf/newsrelease_20140831.pdf</a>",お知らせ,,
,,sugimoto,2014/08/11,post,publish,"8月15日（金）15:45～16:40放送「U型ライブ」（北海道文化放送）で、
測定会内容の放送決定","8月15日（金）15:45～16:40放送「U型ライブ」（北海道文化放送）で、
測定会内容の放送決定
<a href='https://www.dosa.or.jp/event/news_01.html'>https://www.dosa.or.jp/event/news_01.html</a>",お知らせ,,
,,sugimoto,2014/08/06,post,publish,山形測定会のお申込み受付を開始,山形測定会のお申込み受付を開始,お知らせ,,
,,sugimoto,2014/08/01,post,publish,"Yahoo！Sports navi Doにて「あなたの子供も浅田真央になれる!?
向いているスポーツが分かるテスト」が掲載されました。","Yahoo！Sports navi Doにて「あなたの子供も浅田真央になれる!?
向いているスポーツが分かるテスト」が掲載されました。
<a href='http://dosports.yahoo.co.jp/column/detail/201407290002-spnavido'>http://dosports.yahoo.co.jp/column/detail/201407290002-spnavido</a>",お知らせ,,
,,sugimoto,2014/07/31,post,publish,8月1日より札幌測定会のお申込み受付を開始,8月1日より札幌測定会のお申込み受付を開始,お知らせ,,
,,sugimoto,2014/07/08,post,publish,橋本聖子議員DOSA理事就任ご報告,"橋本聖子議員DOSA理事就任ご報告
<a href='https://www.dosa.or.jp/news_pdf/newsrelease_20140701.pdf'>https://www.dosa.or.jp/news_pdf/newsrelease_20140701.pdf</a>",お知らせ,,
,,sugimoto,2014/07/08,post,publish,2014/8/17　山形県測定会実施決定,"2014/8/17　山形県測定会実施決定
<a href='https://www.dosa.or.jp/event.html'>https://www.dosa.or.jp/event.html</a>",お知らせ,,
,,sugimoto,2014/06/20,post,publish,2014/11/8　京都府測定会実施決定,"2014/11/8　京都府測定会実施決定
<a href='https://www.dosa.or.jp/event.html'>https://www.dosa.or.jp/event.html</a>",お知らせ,,
,,sugimoto,2014/06/20,post,publish,2014/10/4　岐阜県測定会実施決定,"2014/10/4　岐阜県測定会実施決定
<a href='https://www.dosa.or.jp/event.html'>https://www.dosa.or.jp/event.html</a>",お知らせ,,
,,sugimoto,2014/06/18,post,publish,橋本聖子（参議院議員）理事就任,"橋本聖子（参議院議員）理事就任
<a href='http://www.seiko-hashimoto.com'>http://www.seiko-hashimoto.com</a>",お知らせ,,
,,sugimoto,2014/02/07,post,publish,一般社団法人スポーツ能力発見協会設立,一般社団法人スポーツ能力発見協会設立,お知らせ,,
,,sugimoto,2013/11/16,post,publish,東京都板橋区立志村第四中学校にてスポーツパフォーマンス測定会を実施,"東京都板橋区立志村第四中学校にてスポーツパフォーマンス測定会を実施
<a href='https://www.dosa.or.jp/event.html'>https://www.dosa.or.jp/event.html</a>",お知らせ,,
